{"acceleration": {"m_s2": 1.0, "cm_s2": 100.0, "mm_s2": 1000.0, "um_s2": 1000000.0, "stdgrav": 0.1019716213}, "force": {"GN": 1e-09, "lbf": 0.2248089431, "dyn": 100000.0, "daN": 0.1, "N": 1.0, "u": 12137804.779884, "cN": 100.0, "kN": 0.001, "MN": 1e-06, "kgf": 0.1019716213, "dN": 10.0}, "energy": {"uJ": 1000000.0, "keV": 6241506363094000.0, "fJ": 1000000000000000.0, "ftlbf": 0.7375621493, "kWh": 2.7777777777778e-07, "MMBtu": 9.4781712031332e-10, "inlbf": 8.8507457913, "TWh": 2.7777777777778e-16, "TJ": 1e-12, "Ws": 1.0, "MWh": 2.7777777777778e-10, "GJ": 1e-09, "aJ": 1e+18, "PJ": 1e-15, "Ha": 2.29371126583579e+17, "kcal": 0.0002388459, "mJ": 1000.0, "thm": 9.4781712031332e-09, "Wh": 0.0002777778, "Nm": 1.0, "GeV": 6241506363.094, "erg": 10000000.0, "kJ": 0.001, "GWh": 2.7777777777778e-13, "nJ": 1000000000.0, "MeV": 6241506363094.0, "Ry": 4.5874253167158e+17, "EJ": 1e-18, "kWs": 0.001, "eV": 6.241506363094e+18, "cal": 0.2388458966, "MBtu": 9.4781712031332e-07, "pJ": 1000000000000.0, "MJ": 1e-06, "J": 1.0, "Btu": 0.0009478171}, "molarmass": {"g_mol": 1.0, "kg_mol": 0.001, "mg_mol": 1000.0}, "frequency": {"hHz": 0.01, "daHz": 0.1, "GHz": 1e-09, "1_min": 60.0, "YHz": 1e-24, "nHz": 1000000000.0, "ZHz": 1e-21, "PHz": 1e-15, "MHz": 1e-06, "uHz": 1000000.0, "1_hr": 3600.0, "kHz": 0.001, "mHz": 1000.0, "EHz": 1e-18, "THz": 1e-12, "1_s": 1.0, "Hz": 1.0}, "time": {"ps": 1000000000000.0, "au": 2.418884326505e-17, "months": 3.802715138609e-07, "hr": 0.0002777778, "ms": 1000.0, "S": 10000000000000.0, "weeks": 1.6534391534392e-06, "days": 1.1574074074e-05, "fs": 1000000000000000.0, "years": 3.1688738506811e-08, "s": 4.1341374575751e+16, "min": 0.0166666667, "as": 1e+18, "us": 1000000.0, "ns": 1000000000.0}, "length": {"am": 1e+18, "hm": 0.01, "m": 1.0, "au": 18897161646.3, "AU": 6.6845871222684e-12, "ls": 3.3356409519815e-09, "cm": 100.0, "ld": 3.8606955462749e-14, "mm": 1000.0, "lh": 9.2656693110598e-13, "dam": 0.1, "nm": 1000000000.0, "lm": 5.5594015866359e-11, "fm": 1000000000000000.0, "pm": 1000000000000.0, "km": 0.001, "pc": 3.2407790389471e-17, "ly": 1.0570008340246e-16, "dm": 10.0, "in": 39.3700787402, "yard": 1.0936132983, "mi": 0.0006213699, "ft": 3.280839895, "um": 1000000.0, "A": 10000000000.0}, "amount": {"lbmol": 0.0022046226, "kgmol": 0.001, "mmol": 1000.0, "umol": 1000000.0, "gmol": 1.0, "mol": 1.0, "av": 6.02214129e+23, "pmol": 1000000000000.0, "nmol": 1000000000.0}, "temperature": {"K": 298.15, "F": 77.0, "C": 25.0, "Ra": 536.67}, "current": {"fA": 1000000000000000.0, "TA": 1e-12, "C_s": 1.0, "MA": 1e-06, "nA": 1000000000.0, "GA": 1e-09, "kA": 0.001, "mA": 1000.0, "pA": 1000000000000.0, "Bi": 0.1, "abA": 0.1, "uA": 1000000.0, "A": 1.0}, "mass": {"Gt": 1e-12, "kt": 1e-06, "mg": 1000000.0, "ct": 4873.3763219894, "dag": 100.0, "Mt": 1e-09, "dt": 0.01, "ng": 1000000000000.0, "ug": 1000000000.0, "MDa": 6.0221412901167e+20, "lb": 2.2046226218, "pg": 1000000000000000.0, "kg": 1.0, "u": 6.0221412901167e+26, "cg": 100000.0, "stone": 0.1574730444, "hg": 10.0, "oz": 35.2739619496, "kDa": 6.0221412901167e+23, "Da": 6.0221412901167e+26, "g": 1000.0}, "luminosity": {"mcd": 1000.0, "kcd": 0.001, "cp": 1.0193679918, "cd": 1.0}, "angle": {"crad": 100.0, "arcsec": 206264.8062471, "deg": 57.2957795131, "arcmin": 3437.7467707849, "drad": 10.0, "prad": 1000000000000.0, "rad": 1.0, "nrad": 1000000000.0, "uarcsec": 206264806247.1, "marcsec": 206264806.2471}, "dose": {"rd": 1.0, "mGy": 10.0, "J_kg": 0.01, "Gy": 0.01, "Mrd": 1e-06, "nGy": 10000000.0, "krd": 0.001, "kGy": 1e-05}, "charge": {"MC": 1e-06, "kC": 0.001, "Ah": 0.0002777778, "mC": 1000.0, "C": 1.0, "nC": 1000000000.0, "pC": 1000000000000.0, "mAh": 0.2777777778, "Fd": 1.0364268992774e-05, "uC": 1000000.0, "e": 6.2415093432602e+18, "As": 1.0}, "dipole": {"nCm": 3.33564095e-21, "zCm": 3.33564095e-09, "MD": 1e-06, "Cm": 3.33564092e-30, "D": 1.0, "pCm": 3.33564095e-18, "mCm": 3.33564095e-27, "kD": 0.001, "uCm": 3.33564095e-24, "yCm": 3.33564095e-06}}
