{
  "acceleration": {
    "m_s2": 1,
    "cm_s2": 100,
    "mm_s2": 1000,
    "um_s2": 1000000,
    "stdgrav": 0.1019716213,
    "dimensions": {
      "time": -2,
      "length": 1
    }
  },
  "force": {
    "GN": 1e-09,
    "lbf": 0.2248089431,
    "dyn": 100000,
    "daN": 0.1,
    "N": 1,
    "cN": 100,
    "kN": 0.001,
    "MN": 1e-06,
    "kgf": 0.1019716213,
    "dN": 10,
    "dimensions": {
      "time": -2,
      "length": 1,
      "mass": 1
    }
  },
  "energy": {
    "uJ": 1000000,
    "keV": 6241506363094000,
    "fJ": 1000000000000000,
    "ftlbf": 0.7375621493,
    "kWh": 2.7777777777778e-07,
    "MMBtu": 9.4781712031332e-10,
    "inlbf": 8.8507457913,
    "TWh": 2.7777777777778e-16,
    "TJ": 1e-12,
    "Ws": 1,
    "cm^-1": 5.03445e+22,
    "MWh": 2.7777777777778e-10,
    "GJ": 1e-09,
    "aJ": 1e+18,
    "PJ": 1e-15,
    "Ha": 229371126583579000,
    "kcal": 0.0002388459,
    "mJ": 1000,
    "thm": 9.4781712031332e-09,
    "Wh": 0.0002777778,
    "Nm": 1,
    "GeV": 6241506363.094,
    "erg": 10000000,
    "kJ": 0.001,
    "GWh": 2.7777777777778e-13,
    "nJ": 1000000000,
    "MeV": 6241506363094,
    "Ry": 458742531671580000,
    "EJ": 1e-18,
    "kWs": 0.001,
    "eV": 6241506363094000000,
    "cal": 0.2388458966,
    "MBtu": 9.4781712031332e-07,
    "pJ": 1000000000000,
    "MJ": 1e-06,
    "J": 1,
    "Btu": 0.0009478171,
    "dimensions": {
      "time": -2,
      "length": 2,
      "mass": 1
    }
  },
  "molarmass": {
    "g_mol": 1,
    "kg_mol": 0.001,
    "mg_mol": 1000,
    "dimensions": {
      "mass": 1,
      "amount": -1
    }
  },
  "frequency": {
    "hHz": 0.01,
    "daHz": 0.1,
    "GHz": 1e-09,
    "inv_min": 60,
    "YHz": 1e-24,
    "nHz": 1000000000,
    "ZHz": 1e-21,
    "PHz": 1e-15,
    "MHz": 1e-06,
    "uHz": 1000000,
    "inv_hr": 3600,
    "kHz": 0.001,
    "mHz": 1000,
    "EHz": 1e-18,
    "THz": 1e-12,
    "inv_s": 1,
    "Hz": 1,
    "dimensions": {
      "time": -1
    }
  },
  "time": {
    "s": 1,
    "ps": 1000000000000,
    "months": 3.802715138609e-07,
    "hr": 0.0002777778,
    "ms": 1000,
    "century": 3.171e-10,
    "weeks": 1.6534391534392e-06,
    "days": 1.1574074074e-05,
    "fs": 1000000000000000,
    "years": 3.1688738506811e-08,
    "min": 0.016666666666666666,
    "as_": 1e+18,
    "us": 1000000,
    "ns": 1000000000,
    "au": 41341373336561350,
    "dimensions": {
      "time": 1
    }
  },
  "length": {
    "am": 1e+18,
    "hm": 0.01,
    "m": 1,
    "AU": 6.6845871222684e-12,
    "ls": 3.3356409519815e-09,
    "cm": 100,
    "ld": 3.8606955462749e-14,
    "mm": 1000,
    "lh": 9.2656693110598e-13,
    "dam": 0.1,
    "nm": 1000000000,
    "lm": 5.5594015866359e-11,
    "fm": 1000000000000000,
    "pm": 1000000000000,
    "km": 0.001,
    "pc": 3.2407790389471e-17,
    "ly": 1.0570008340246e-16,
    "dm": 10,
    "in": 39.3700787402,
    "yard": 1.0936132983,
    "mi": 0.0006213699,
    "ft": 3.280839895,
    "um": 1000000,
    "Angstrom": 10000000000,
    "au": 18897261257.6,
    "dimensions": {
      "length": 1
    }
  },
  "amount": {
    "lbmol": 0.0022046226,
    "kgmol": 0.001,
    "mmol": 1000,
    "umol": 1000000,
    "gmol": 1,
    "mol": 1,
    "av": 602214129000000000000000,
    "pmol": 1000000000000,
    "nmol": 1000000000,
    "dimensions": {
      "amount": 1
    }
  },
  "current": {
    "fA": 1000000000000000,
    "TA": 1e-12,
    "C_s": 1,
    "MA": 1e-06,
    "nA": 1000000000,
    "GA": 1e-09,
    "kA": 0.001,
    "mA": 1000,
    "pA": 1000000000000,
    "Bi": 0.1,
    "abA": 0.1,
    "uA": 1000000,
    "A": 1,
    "dimensions": {
      "current": 1
    }
  },
  "mass": {
    "Gt": 1e-12,
    "kt": 1e-06,
    "mg": 1000000,
    "ct": 4873.3763219894,
    "dag": 100,
    "Mt": 1e-09,
    "dt": 0.01,
    "ng": 1000000000000,
    "ug": 1000000000,
    "MDa": 602214129011670000000,
    "lb": 2.2046226218,
    "pg": 1000000000000000,
    "kg": 1,
    "u": 602214129011670000000000000,
    "cg": 100000,
    "stone": 0.1574730444,
    "hg": 10,
    "oz": 35.2739619496,
    "kDa": 602214129011670000000000,
    "Da": 602214129011670000000000000,
    "g": 1000,
    "au_mass": 1097769201141199800000000000000,
    "dimensions": {
      "mass": 1
    }
  },
  "luminosity": {
    "mcd": 1000,
    "kcd": 0.001,
    "cp": 1.0193679918,
    "cd": 1,
    "dimensions": {
      "time": -2,
      "length": 1
    }
  },
  "angle": {
    "crad": 100,
    "arcsec": 206264.8062471,
    "deg": 57.2957795131,
    "arcmin": 3437.7467707849,
    "drad": 10,
    "prad": 1000000000000,
    "rad": 1,
    "nrad": 1000000000,
    "uarcsec": 206264806247.1,
    "marcsec": 206264806.2471,
    "dimensions": {}
  },
  "dose": {
    "rd": 1,
    "mGy": 10,
    "J_kg": 0.01,
    "Gy": 0.01,
    "Mrd": 1e-06,
    "nGy": 10000000,
    "krd": 0.001,
    "kGy": 1e-05,
    "dimensions": {
      "time": -2,
      "mass": 2
    }
  },
  "charge": {
    "MC": 1e-06,
    "kC": 0.001,
    "Ah": 0.0002777778,
    "mC": 1000,
    "C": 1,
    "nC": 1000000000,
    "pC": 1000000000000,
    "mAh": 0.2777777778,
    "Fd": 1.0364268992774e-05,
    "uC": 1000000,
    "e": 6241509343260200000,
    "As": 1,
    "dimensions": {
      "current": 1,
      "time": 1
    }
  },
  "dipole": {
    "nCm": 3.33564095e-21,
    "zCm": 3.33564095e-09,
    "MD": 1e-06,
    "Cm": 3.33564092e-30,
    "D": 1,
    "pCm": 3.33564095e-18,
    "mCm": 3.33564095e-27,
    "kD": 0.001,
    "uCm": 3.33564095e-24,
    "yCm": 3.33564095e-06,
    "eau": 8.47835e-30,
    "dimensions": {
      "current": 1,
      "time": 1,
      "length": 1
    }
  },
  "quadrupole": {
    "eau2": 4.48655e-40,
    "DAngstrom": 3.33564e-40,
    "dimensions": {
      "current": 1,
      "time": 1,
      "length": 2
    },
    "B": 3.33564e-40
  }
}
