{"constant": {"GF": 1.166364e-05, "a0": 5.2917721092e-11, "me": 9.10938291e-31, "KJ": 483597870000000.0, "alpha": 0.0072973525698, "Rinf": 10973731.568539, "b": 0.0028977721, "c": 299792458.0, "h": 6.62606957e-34, "re": 2.8179403267e-15, "hbar": 1.05451726e-34, "atm": 101325.0, "RK": 25812.8074434, "Eh": 4.35974434e-18, "G0": 7.7480917346e-05, "G": 6.67384e-11, "e": 1.602176565e-19, "kB": 1.3806488e-23, "F": 96485.3365, "NA": 6.02214129e+23, "mp": 1.672621777e-27, "muN": 5.05078353e-27, "muB": 9.27400968e-24, "sigma": 5.670373e-08, "phi0": 2.067833758e-15, "ke": 8987551787.0, "R": 8.3144621, "mu0": 1.256637061e-06, "e0": 8.854187817e-12, "mu": 1.660538921e-27}}
